{"cameraMode":{"drawMode":0,"name":"Shaded","section":"Shading Mode"},"sceneLighting":true,"audioPlay":false,"sceneViewState":{"m_AlwaysRefresh":false,"showFog":true,"showSkybox":true,"showFlares":true,"showImageEffects":true,"showParticleSystems":true,"showVisualEffectGraphs":true,"m_FxEnabled":true},"in2DMode":false,"pivot":{"x":-0.18919292092323304,"y":-0.28073078393936159,"z":-0.6383909583091736},"rotation":{"x":0.11663482338190079,"y":-0.863884449005127,"z":0.23407812416553498,"w":0.4304855167865753},"size":6.965052604675293,"orthographic":false}