{"cameraMode":{"drawMode":0,"name":"Shaded","section":"Shading Mode"},"sceneLighting":true,"audioPlay":false,"sceneViewState":{"m_AlwaysRefresh":false,"showFog":true,"showSkybox":true,"showFlares":true,"showImageEffects":true,"showParticleSystems":true,"showVisualEffectGraphs":true,"m_FxEnabled":true},"in2DMode":false,"pivot":{"x":0.8283994197845459,"y":15.143242835998536,"z":-17.279687881469728},"rotation":{"x":0.43299826979637148,"y":0.2634235620498657,"z":-0.13394232094287873,"w":0.8515759706497192},"size":4.625060081481934,"orthographic":false}